Year;Month;Ano_Month
1750;1;2.166
1750;2;0.723
1750;3;-0.398
1750;4;1.988
1750;5;0.129
1750;6;0.406
1750;7;0.748
1750;8;1.678
1750;9;-2.048
1750;10;0.126
1750;11;-2.384
1750;12;-0.952
1751;1;1.169
1751;2;-0.510
1751;3;2.379
1751;4;1.084
1751;5;2.361
1751;6;-0.364
1751;7;5.108
1751;8;1.021
1751;9;0.569
1751;10;1.074
1751;11;-1.244
1751;12;0.240
1752;1;-1.332
1752;2;5.278
1752;3;2.339
1752;4;0.427
1752;5;2.134
1752;6;2.110
1752;7;3.234
1752;8;1.698
1752;9;NaN
1752;10;0.336
1752;11;1.889
1752;12;0.862
1753;1;0.576
1753;2;-0.193
1753;3;2.115
1753;4;-0.001
1753;5;0.439
1753;6;-0.237
1753;7;1.839
1753;8;-0.761
1753;9;-0.610
1753;10;0.434
1753;11;0.197
1753;12;-2.558
1754;1;0.652
1754;2;-1.747
1754;3;0.233
1754;4;5.707
1754;5;1.965
1754;6;0.136
1754;7;2.417
1754;8;-1.159
1754;9;-1.034
1754;10;1.209
1754;11;-0.236
1754;12;1.259
1755;1;0.938
1755;2;-0.523
1755;3;0.176
1755;4;0.063
1755;5;1.410
1755;6;0.982
1755;7;2.928
1755;8;1.760
1755;9;-0.255
1755;10;5.487
1755;11;0.547
1755;12;-0.787
1756;1;2.043
1756;2;4.331
1756;3;1.892
1756;4;3.839
1756;5;3.411
1756;6;0.423
1756;7;1.933
1756;8;-0.520
1756;9;0.278
1756;10;0.006
1756;11;-0.538
1756;12;-1.449
1757;1;-1.405
1757;2;2.913
1757;3;0.566
1757;4;1.281
1757;5;1.478
1757;6;2.785
1757;7;2.588
1757;8;5.708
1757;9;4.889
1757;10;-2.261
1757;11;-0.732
1757;12;-1.237
1758;1;-3.206
1758;2;-1.195
1758;3;0.623
1758;4;0.388
1758;5;-1.293
1758;6;0.898
1758;7;1.358
1758;8;-0.461
1758;9;0.305
1758;10;-0.051
1758;11;1.546
1758;12;-0.046
1759;1;2.892
1759;2;2.813
1759;3;1.342
1759;4;-0.399
1759;5;-0.505
1759;6;1.490
1759;7;-0.083
1759;8;2.555
1759;9;1.998
1759;10;0.475
1759;11;-0.641
1759;12;-3.383
1760;1;-3.017
1760;2;1.331
1760;3;-1.762
1760;4;-0.696
1760;5;-1.190
1760;6;-2.011
1760;7;-0.608
1760;8;-1.091
1760;9;-1.403
1760;10;-1.518
1760;11;0.249
1760;12;-1.850
1761;1;-1.163
1761;2;0.493
1761;3;2.063
1761;4;-0.059
1761;5;1.558
1761;6;2.598
1761;7;3.996
1761;8;-0.030
1761;9;0.429
1761;10;0.162
1761;11;0.368
1761;12;-4.054
1762;1;4.880
1762;2;3.576
1762;3;0.348
1762;4;-0.100
1762;5;-0.458
1762;6;-0.733
1762;7;-0.623
1762;8;2.979
1762;9;-1.147
1762;10;-1.563
1762;11;1.533
1762;12;0.159
1763;1;0.238
1763;2;-0.109
1763;3;-1.550
1763;4;0.348
1763;5;-0.645
1763;6;-0.972
1763;7;5.331
1763;8;-2.006
1763;9;0.145
1763;10;0.938
1763;11;0.355
1763;12;1.829
1764;1;1.541
1764;2;5.140
1764;3;2.404
1764;4;-1.025
1764;5;1.160
1764;6;0.149
1764;7;0.767
1764;8;-0.722
1764;9;1.148
1764;10;1.335
1764;11;1.435
1764;12;3.244
1765;1;0.742
1765;2;0.001
1765;3;1.477
1765;4;1.110
1765;5;-0.333
1765;6;-3.914
1765;7;0.222
1765;8;-0.086
1765;9;-0.504
1765;10;-0.900
1765;11;-0.169
1765;12;-1.127
1766;1;-3.551
1766;2;1.186
1766;3;0.680
1766;4;-0.040
1766;5;0.127
1766;6;0.658
1766;7;-0.256
1766;8;0.469
1766;9;0.646
1766;10;-0.448
1766;11;1.907
1766;12;-1.220
1767;1;-3.872
1767;2;-0.010
1767;3;1.714
1767;4;-1.574
1767;5;-0.526
1767;6;2.121
1767;7;0.115
1767;8;1.783
1767;9;0.249
1767;10;0.204
1767;11;1.890
1767;12;-2.778
1768;1;-5.578
1768;2;-4.068
1768;3;-1.499
1768;4;-1.100
1768;5;-2.217
1768;6;-0.554
1768;7;0.489
1768;8;-0.603
1768;9;-1.048
1768;10;-1.442
1768;11;-1.619
1768;12;-1.058
1769;1;-0.574
1769;2;-1.434
1769;3;-0.761
1769;4;0.674
1769;5;1.469
1769;6;1.652
1769;7;0.340
1769;8;-0.063
1769;9;-0.059
1769;10;-3.507
1769;11;-3.223
1769;12;-5.051
1770;1;-1.076
1770;2;0.474
1770;3;-3.862
1770;4;1.880
1770;5;-1.401
1770;6;-2.476
1770;7;-2.253
1770;8;-1.982
1770;9;-1.624
1770;10;-0.147
1770;11;-0.256
1770;12;1.390
1771;1;2.147
1771;2;-4.207
1771;3;-2.772
1771;4;-2.493
1771;5;-1.813
1771;6;0.655
1771;7;-0.319
1771;8;1.005
1771;9;-0.289
1771;10;1.183
1771;11;-1.526
1771;12;-1.233
1772;1;-1.590
1772;2;-1.736
1772;3;-2.188
1772;4;1.134
1772;5;-1.145
1772;6;-0.159
1772;7;2.069
1772;8;1.212
1772;9;-1.214
1772;10;0.317
1772;11;1.884
1772;12;1.666
1773;1;-4.196
1773;2;-1.900
1773;3;-0.771
1773;4;1.363
1773;5;1.569
1773;6;-0.682
1773;7;0.510
1773;8;0.271
1773;9;0.900
1773;10;0.187
1773;11;-2.801
1773;12;1.212
1774;1;-3.960
1774;2;0.580
1774;3;-0.190
1774;4;1.923
1774;5;4.271
1774;6;2.521
1774;7;3.029
1774;8;1.016
1774;9;-0.754
1774;10;-0.363
1774;11;-2.999
1774;12;-3.633
1775;1;-0.092
1775;2;1.284
1775;3;1.214
1775;4;-1.483
1775;5;-1.157
1775;6;-2.133
1775;7;-0.093
1775;8;0.264
1775;9;-1.321
1775;10;1.428
1775;11;2.350
1775;12;-2.704
1776;1;-4.818
1776;2;-0.225
1776;3;-2.109
1776;4;-2.007
1776;5;-2.194
1776;6;-0.116
1776;7;-0.965
1776;8;0.567
1776;9;-2.242
1776;10;-1.474
1776;11;-0.887
1776;12;0.144
1777;1;1.140
1777;2;-0.550
1777;3;-1.706
1777;4;-3.544
1777;5;-1.187
1777;6;-2.345
1777;7;-2.237
1777;8;-2.294
1777;9;-1.664
1777;10;-2.899
1777;11;-0.948
1777;12;-1.208
1778;1;-1.544
1778;2;0.112
1778;3;-2.962
1778;4;0.640
1778;5;-1.381
1778;6;-2.439
1778;7;-1.323
1778;8;-3.281
1778;9;0.205
1778;10;-1.457
1778;11;-2.783
1778;12;-2.592
1779;1;-3.104
1779;2;-0.019
1779;3;-0.070
1779;4;-0.410
1779;5;1.016
1779;6;-2.263
1779;7;-1.629
1779;8;-1.194
1779;9;-0.410
1779;10;-0.181
1779;11;-0.535
1779;12;-1.567
1780;1;-3.052
1780;2;-1.307
1780;3;-1.519
1780;4;3.401
1780;5;1.827
1780;6;-0.697
1780;7;0.012
1780;8;-2.260
1780;9;-4.598
1780;10;-1.151
1780;11;-1.423
1780;12;-3.196
1781;1;-1.518
1781;2;-3.860
1781;3;-1.901
1781;4;-2.761
1781;5;-0.888
1781;6;-3.028
1781;7;-1.418
1781;8;-0.718
1781;9;-2.144
1781;10;-0.936
1781;11;1.705
1781;12;-0.735
1782;1;-2.394
1782;2;-3.263
1782;3;-2.389
1782;4;-0.322
1782;5;-0.175
1782;6;-0.584
1782;7;-1.092
1782;8;0.323
1782;9;-0.606
1782;10;-0.817
1782;11;-1.450
1782;12;-2.589
1783;1;-5.601
1783;2;0.563
1783;3;-2.342
1783;4;-0.897
1783;5;0.129
1783;6;0.282
1783;7;-2.649
1783;8;-1.412
1783;9;-3.669
1783;10;-2.599
1783;11;-4.764
1783;12;-2.364
1784;1;-1.290
1784;2;-3.384
1784;3;-2.371
1784;4;-1.116
1784;5;-3.101
1784;6;-1.411
1784;7;-0.837
1784;8;0.699
1784;9;-2.848
1784;10;-2.108
1784;11;-1.818
1784;12;-0.998
1785;1;-1.365
1785;2;-2.279
1785;3;-4.806
1785;4;-2.031
1785;5;-1.474
1785;6;0.613
1785;7;-0.531
1785;8;0.271
1785;9;-1.993
1785;10;-2.004
1785;11;-0.200
1785;12;-2.307
1786;1;-2.706
1786;2;-1.915
1786;3;-0.364
1786;4;-0.064
1786;5;-0.247
1786;6;-0.641
1786;7;0.168
1786;8;0.424
1786;9;0.760
1786;10;-1.065
1786;11;-2.279
1786;12;-3.660
1787;1;0.090
1787;2;-1.055
1787;3;-0.868
1787;4;-1.698
1787;5;-0.017
1787;6;0.179
1787;7;-1.254
1787;8;-0.824
1787;9;-2.408
1787;10;-2.003
1787;11;-1.381
1787;12;-1.517
1788;1;-3.362
1788;2;-0.751
1788;3;-1.798
1788;4;-0.967
1788;5;-1.490
1788;6;-0.650
1788;7;1.138
1788;8;-0.382
1788;9;-0.947
1788;10;-0.413
1788;11;-0.274
1788;12;-4.705
1789;1;0.132
1789;2;-1.351
1789;3;-2.663
1789;4;-1.381
1789;5;-0.291
1789;6;-0.847
1789;7;0.309
1789;8;-0.503
1789;9;-0.441
1789;10;-1.691
1789;11;-0.135
1789;12;0.119
1790;1;-0.144
1790;2;-0.480
1790;3;-1.035
1790;4;-2.317
1790;5;-1.234
1790;6;-0.138
1790;7;-1.267
1790;8;-0.869
1790;9;-1.099
1790;10;-0.743
1790;11;-1.096
1790;12;-0.299
1791;1;-1.771
1791;2;0.122
1791;3;-0.221
1791;4;0.013
1791;5;-0.896
1791;6;-0.277
1791;7;-1.004
1791;8;-0.275
1791;9;-0.916
1791;10;-1.313
1791;11;0.053
1791;12;0.326
1792;1;-2.883
1792;2;0.626
1792;3;-0.823
1792;4;-0.667
1792;5;0.228
1792;6;0.436
1792;7;-0.192
1792;8;-1.707
1792;9;0.396
1792;10;-1.693
1792;11;-1.218
1792;12;-0.376
1793;1;-1.217
1793;2;2.004
1793;3;0.334
1793;4;0.705
1793;5;-0.004
1793;6;-0.065
1793;7;-0.331
1793;8;-0.696
1793;9;-1.275
1793;10;-1.184
1793;11;-0.479
1793;12;-1.877
1794;1;1.694
1794;2;0.645
1794;3;1.369
1794;4;0.879
1794;5;1.446
1794;6;-0.738
1794;7;-0.963
1794;8;-0.445
1794;9;0.516
1794;10;0.256
1794;11;0.207
1794;12;-0.365
1795;1;1.040
1795;2;2.066
1795;3;1.377
1795;4;1.428
1795;5;0.692
1795;6;-0.825
1795;7;0.124
1795;8;-0.391
1795;9;-1.528
1795;10;-0.851
1795;11;-0.058
1795;12;0.413
1796;1;1.195
1796;2;0.605
1796;3;-2.743
1796;4;-1.112
1796;5;-0.420
1796;6;0.480
1796;7;-0.607
1796;8;0.299
1796;9;-0.665
1796;10;-0.352
1796;11;-0.615
1796;12;-2.500
1797;1;2.101
1797;2;2.991
1797;3;-0.797
1797;4;-1.559
1797;5;-1.319
1797;6;0.068
1797;7;-0.931
1797;8;-0.312
1797;9;-0.150
1797;10;-0.373
1797;11;-1.370
1797;12;-0.136
1798;1;0.182
1798;2;-0.583
1798;3;0.904
1798;4;-0.606
1798;5;-0.397
1798;6;-0.478
1798;7;0.415
1798;8;0.667
1798;9;-0.576
1798;10;-0.636
1798;11;-0.064
1798;12;-1.857
1799;1;-0.513
1799;2;-3.321
1799;3;-2.774
1799;4;-0.605
1799;5;-0.659
1799;6;-0.181
1799;7;-0.123
1799;8;-0.544
1799;9;-0.691
1799;10;-0.289
1799;11;-0.040
1799;12;-2.617
1800;1;-1.368
1800;2;-1.698
1800;3;-1.816
1800;4;0.180
1800;5;-1.390
1800;6;-0.347
1800;7;-0.799
1800;8;-0.610
1800;9;-1.541
1800;10;-0.377
1800;11;-0.507
1800;12;-0.509
1801;1;0.699
1801;2;0.032
1801;3;1.014
1801;4;-1.165
1801;5;0.964
1801;6;-0.615
1801;7;0.053
1801;8;-1.527
1801;9;-0.604
1801;10;0.878
1801;11;-0.778
1801;12;0.270
1802;1;0.748
1802;2;0.730
1802;3;0.581
1802;4;0.277
1802;5;-2.052
1802;6;-0.058
1802;7;-0.159
1802;8;-0.622
1802;9;-0.290
1802;10;-0.069
1802;11;-0.966
1802;12;-0.855
1803;1;-2.970
1803;2;-1.517
1803;3;-1.025
1803;4;0.331
1803;5;-0.197
1803;6;0.096
1803;7;0.208
1803;8;0.635
1803;9;-0.188
1803;10;0.612
1803;11;-0.376
1803;12;-1.582
1804;1;0.051
1804;2;-1.233
1804;3;-1.321
1804;4;0.560
1804;5;0.453
1804;6;0.170
1804;7;0.894
1804;8;-0.275
1804;9;-0.181
1804;10;-0.052
1804;11;0.585
1804;12;-2.499
1805;1;-0.199
1805;2;-0.631
1805;3;0.235
1805;4;-0.773
1805;5;-0.466
1805;6;0.553
1805;7;0.163
1805;8;0.890
1805;9;-0.306
1805;10;-1.896
1805;11;-1.854
1805;12;0.634
1806;1;0.643
1806;2;0.007
1806;3;-0.730
1806;4;-0.545
1806;5;0.098
1806;6;-1.117
1806;7;-0.523
1806;8;0.532
1806;9;0.326
1806;10;-0.731
1806;11;-0.934
1806;12;0.291
1807;1;-1.636
1807;2;0.273
1807;3;-1.052
1807;4;-1.607
1807;5;-2.725
1807;6;0.022
1807;7;-0.085
1807;8;-0.350
1807;9;0.431
1807;10;-0.008
1807;11;0.246
1807;12;0.941
1808;1;-1.116
1808;2;-0.825
1808;3;-1.235
1808;4;-1.171
1808;5;-1.616
1808;6;0.421
1808;7;0.411
1808;8;-0.915
1808;9;-0.167
1808;10;-0.366
1808;11;-1.449
1808;12;-2.380
1809;1;-2.371
1809;2;-2.115
1809;3;-2.148
1809;4;-0.912
1809;5;-2.234
1809;6;-0.336
1809;7;-1.441
1809;8;-0.978
1809;9;-1.216
1809;10;-0.620
1809;11;-2.990
1809;12;-0.747
1810;1;-2.531
1810;2;-1.132
1810;3;-0.690
1810;4;-2.237
1810;5;-2.882
1810;6;-2.056
1810;7;-1.834
1810;8;-1.886
1810;9;-2.555
1810;10;-2.660
1810;11;-2.610
1810;12;-1.586
1811;1;-2.129
1811;2;-3.545
1811;3;-1.812
1811;4;-3.016
1811;5;-2.322
1811;6;-1.011
1811;7;-1.889
1811;8;-0.842
1811;9;-2.266
1811;10;-2.922
1811;11;-3.375
1811;12;-0.915
1812;1;-1.099
1812;2;-3.170
1812;3;-3.594
1812;4;-2.222
1812;5;-2.128
1812;6;-1.673
1812;7;-0.049
1812;8;1.460
1812;9;-1.810
1812;10;-1.746
1812;11;-2.055
1812;12;-3.048
1813;1;-4.019
1813;2;-0.810
1813;3;-3.390
1813;4;-0.625
1813;5;-0.152
1813;6;-0.302
1813;7;0.044
1813;8;-0.691
1813;9;0.346
1813;10;-0.053
1813;11;1.065
1813;12;-0.953
1814;1;-0.189
1814;2;-0.863
1814;3;-2.632
1814;4;-1.580
1814;5;-2.218
1814;6;-0.463
1814;7;-1.678
1814;8;-0.459
1814;9;-0.660
1814;10;-1.600
1814;11;0.625
1814;12;2.307
1815;1;-1.089
1815;2;-1.322
1815;3;-1.898
1815;4;-2.371
1815;5;-2.364
1815;6;-3.000
1815;7;-0.337
1815;8;-0.607
1815;9;-0.964
1815;10;-0.914
1815;11;-1.671
1815;12;-1.980
1816;1;0.975
1816;2;-2.837
1816;3;-1.166
1816;4;-1.061
1816;5;-0.656
1816;6;-1.333
1816;7;-1.818
1816;8;-0.748
1816;9;-0.739
1816;10;-2.379
1816;11;-0.823
1816;12;-1.477
1817;1;0.370
1817;2;1.862
1817;3;0.298
1817;4;0.345
1817;5;-1.237
1817;6;-1.775
1817;7;-1.255
1817;8;0.406
1817;9;-2.557
1817;10;-1.778
1817;11;-0.425
1817;12;-2.469
1818;1;0.376
1818;2;-1.030
1818;3;1.403
1818;4;2.761
1818;5;1.057
1818;6;1.808
1818;7;-0.230
1818;8;0.431
1818;9;-1.155
1818;10;-1.378
1818;11;0.054
1818;12;-0.276
1819;1;0.599
1819;2;0.331
1819;3;-0.903
1819;4;-1.443
1819;5;0.519
1819;6;0.727
1819;7;0.459
1819;8;0.658
1819;9;0.630
1819;10;0.760
1819;11;0.053
1819;12;-0.875
1820;1;-1.102
1820;2;0.273
1820;3;0.687
1820;4;1.273
1820;5;1.600
1820;6;1.328
1820;7;0.992
1820;8;0.068
1820;9;0.402
1820;10;-0.155
1820;11;-0.110
1820;12;-1.265
1821;1;0.813
1821;2;2.147
1821;3;1.493
1821;4;0.346
1821;5;0.722
1821;6;0.314
1821;7;0.436
1821;8;0.736
1821;9;-0.902
1821;10;0.030
1821;11;0.570
1821;12;0.055
1822;1;0.298
1822;2;1.444
1822;3;2.465
1822;4;-0.034
1822;5;-0.121
1822;6;0.334
1822;7;0.028
1822;8;0.082
1822;9;-0.525
1822;10;-0.572
1822;11;-0.836
1822;12;-2.188
1823;1;-0.267
1823;2;-0.410
1823;3;0.055
1823;4;-0.193
1823;5;0.043
1823;6;0.998
1823;7;0.594
1823;8;-0.178
1823;9;-0.772
1823;10;-0.859
1823;11;-1.211
1823;12;-0.835
1824;1;0.666
1824;2;-0.029
1824;3;0.403
1824;4;0.395
1824;5;0.262
1824;6;0.167
1824;7;0.439
1824;8;-0.090
1824;9;0.314
1824;10;-0.520
1824;11;-0.387
1824;12;1.145
1825;1;0.558
1825;2;0.135
1825;3;0.199
1825;4;1.077
1825;5;0.051
1825;6;0.293
1825;7;-0.481
1825;8;-0.133
1825;9;-0.337
1825;10;-0.422
1825;11;0.073
1825;12;-0.348
1826;1;-0.377
1826;2;-0.978
1826;3;-0.238
1826;4;0.458
1826;5;0.870
1826;6;0.070
1826;7;0.527
1826;8;0.032
1826;9;-0.093
1826;10;-0.049
1826;11;1.037
1826;12;1.302
1827;1;1.224
1827;2;0.941
1827;3;0.895
1827;4;1.336
1827;5;0.647
1827;6;0.490
1827;7;0.724
1827;8;0.426
1827;9;0.039
1827;10;-0.147
1827;11;0.676
1827;12;-0.309
1828;1;-1.312
1828;2;-0.833
1828;3;0.643
1828;4;0.866
1828;5;0.618
1828;6;0.851
1828;7;0.733
1828;8;0.384
1828;9;-1.073
1828;10;0.302
1828;11;0.312
1828;12;-0.818
1829;1;-0.177
1829;2;-0.953
1829;3;0.176
1829;4;-0.072
1829;5;0.491
1829;6;-0.243
1829;7;0.476
1829;8;0.226
1829;9;-0.605
1829;10;0.191
1829;11;-0.368
1829;12;-0.554
1830;1;1.083
1830;2;1.428
1830;3;-0.340
1830;4;0.763
1830;5;-0.618
1830;6;-0.204
1830;7;0.946
1830;8;0.252
1830;9;-0.806
1830;10;-0.306
1830;11;1.808
1830;12;1.111
1831;1;0.062
1831;2;-0.249
1831;3;-0.271
1831;4;-0.116
1831;5;0.084
1831;6;-0.089
1831;7;-0.252
1831;8;-0.875
1831;9;-1.082
1831;10;-0.688
1831;11;-0.926
1831;12;-1.051
1832;1;-0.003
1832;2;-0.760
1832;3;-0.010
1832;4;0.055
1832;5;-0.153
1832;6;-0.462
1832;7;0.050
1832;8;-0.917
1832;9;-0.913
1832;10;-0.209
1832;11;-1.442
1832;12;-2.087
1833;1;0.189
1833;2;0.145
1833;3;-0.471
1833;4;-0.066
1833;5;-0.202
1833;6;0.217
1833;7;-0.059
1833;8;-0.013
1833;9;-0.244
1833;10;-0.575
1833;11;1.367
1833;12;0.247
1834;1;-1.706
1834;2;-0.003
1834;3;0.869
1834;4;0.105
1834;5;0.466
1834;6;-0.106
1834;7;0.106
1834;8;0.100
1834;9;0.026
1834;10;-0.018
1834;11;1.029
1834;12;-0.085
1835;1;0.964
1835;2;0.358
1835;3;-0.399
1835;4;-0.038
1835;5;-0.588
1835;6;-0.839
1835;7;-0.723
1835;8;-0.808
1835;9;-1.384
1835;10;-0.767
1835;11;-1.443
1835;12;-1.500
1836;1;-0.081
1836;2;-0.042
1836;3;0.514
1836;4;-0.634
1836;5;-0.987
1836;6;-0.407
1836;7;-0.479
1836;8;-0.922
1836;9;-0.660
1836;10;0.140
1836;11;-1.430
1836;12;0.023
1837;1;0.100
1837;2;-0.245
1837;3;-1.179
1837;4;-1.864
1837;5;-1.407
1837;6;-0.840
1837;7;-0.251
1837;8;-0.177
1837;9;-0.413
1837;10;-0.784
1837;11;-0.969
1837;12;-0.875
1838;1;-3.016
1838;2;-1.261
1838;3;-1.127
1838;4;-0.358
1838;5;-1.061
1838;6;-0.046
1838;7;0.472
1838;8;0.446
1838;9;-0.171
1838;10;0.079
1838;11;-0.233
1838;12;-0.688
1839;1;-0.015
1839;2;0.625
1839;3;-2.398
1839;4;-0.207
1839;5;-0.711
1839;6;-0.402
1839;7;0.350
1839;8;0.660
1839;9;-0.624
1839;10;-0.742
1839;11;-1.737
1839;12;-2.108
1840;1;0.532
1840;2;-0.602
1840;3;-0.863
1840;4;-0.334
1840;5;0.054
1840;6;0.135
1840;7;0.554
1840;8;-0.327
1840;9;-0.535
1840;10;-1.266
1840;11;-1.540
1840;12;-1.295
1841;1;-1.755
1841;2;-0.713
1841;3;-1.747
1841;4;-1.306
1841;5;-0.360
1841;6;-0.203
1841;7;0.504
1841;8;0.096
1841;9;-0.710
1841;10;-0.066
1841;11;-1.256
1841;12;-0.905
1842;1;-0.669
1842;2;-0.767
1842;3;0.385
1842;4;0.079
1842;5;-0.418
1842;6;-0.564
1842;7;-0.349
1842;8;-0.257
1842;9;-0.541
1842;10;-0.236
1842;11;-0.841
1842;12;0.406
1843;1;0.726
1843;2;0.993
1843;3;-0.181
1843;4;-0.214
1843;5;-0.824
1843;6;-0.637
1843;7;-0.106
1843;8;-0.253
1843;9;-0.309
1843;10;0.163
1843;11;-0.691
1843;12;0.505
1844;1;-0.540
1844;2;-1.076
1844;3;-0.331
1844;4;-0.725
1844;5;-0.908
1844;6;-0.365
1844;7;-0.322
1844;8;-0.656
1844;9;-0.948
1844;10;-0.129
1844;11;-1.406
1844;12;-1.445
1845;1;0.205
1845;2;-1.453
1845;3;-0.532
1845;4;0.127
1845;5;-0.458
1845;6;-0.472
1845;7;0.227
1845;8;-0.044
1845;9;-0.406
1845;10;-1.030
1845;11;-0.555
1845;12;-1.512
1846;1;0.891
1846;2;0.278
1846;3;1.162
1846;4;-0.622
1846;5;-0.234
1846;6;0.106
1846;7;0.683
1846;8;0.458
1846;9;0.046
1846;10;-0.612
1846;11;-0.516
1846;12;0.297
1847;1;0.325
1847;2;0.493
1847;3;-1.127
1847;4;-0.082
1847;5;-0.488
1847;6;-0.534
1847;7;-0.058
1847;8;-0.327
1847;9;-0.109
1847;10;-0.165
1847;11;-0.050
1847;12;-1.353
1848;1;-1.645
1848;2;0.727
1848;3;-0.432
1848;4;-0.174
1848;5;-0.611
1848;6;-0.299
1848;7;0.053
1848;8;-0.423
1848;9;-0.777
1848;10;-0.185
1848;11;-0.537
1848;12;-1.337
1849;1;-0.430
1849;2;-0.439
1849;3;0.170
1849;4;-1.243
1849;5;-1.006
1849;6;-0.488
1849;7;0.033
1849;8;-0.191
1849;9;-0.655
1849;10;-0.019
1849;11;0.062
1849;12;-1.385
1850;1;-1.685
1850;2;0.066
1850;3;-0.383
1850;4;-0.965
1850;5;-1.202
1850;6;-0.400
1850;7;0.078
1850;8;0.276
1850;9;-0.355
1850;10;-0.932
1850;11;-1.192
1850;12;-0.894
1851;1;0.202
1851;2;-0.481
1851;3;-1.003
1851;4;-0.802
1851;5;-0.102
1851;6;-0.102
1851;7;0.245
1851;8;0.104
1851;9;-0.095
1851;10;0.248
1851;11;-0.861
1851;12;-0.214
1852;1;0.117
1852;2;-0.458
1852;3;-1.239
1852;4;-0.427
1852;5;0.258
1852;6;-0.166
1852;7;0.315
1852;8;-0.242
1852;9;-0.090
1852;10;0.194
1852;11;-1.191
1852;12;0.537
1853;1;-0.413
1853;2;-0.643
1853;3;-0.988
1853;4;-0.521
1853;5;-0.102
1853;6;0.091
1853;7;0.516
1853;8;0.462
1853;9;-0.026
1853;10;-0.175
1853;11;-0.992
1853;12;-0.304
1854;1;-0.999
1854;2;-0.868
1854;3;-0.050
1854;4;-0.116
1854;5;0.086
1854;6;-0.485
1854;7;0.602
1854;8;0.431
1854;9;0.072
1854;10;1.152
1854;11;0.230
1854;12;0.249
1855;1;0.522
1855;2;0.243
1855;3;-0.326
1855;4;0.627
1855;5;0.281
1855;6;-0.229
1855;7;-0.274
1855;8;-0.050
1855;9;-0.462
1855;10;-0.157
1855;11;-0.356
1855;12;-1.003
1856;1;0.795
1856;2;-0.459
1856;3;-0.365
1856;4;0.103
1856;5;-0.243
1856;6;0.370
1856;7;0.151
1856;8;-0.431
1856;9;-0.596
1856;10;-0.550
1856;11;-0.196
1856;12;0.322
1857;1;-0.141
1857;2;-0.238
1857;3;-0.384
1857;4;-0.943
1857;5;-0.962
1857;6;-0.477
1857;7;0.025
1857;8;-0.067
1857;9;-0.337
1857;10;-0.428
1857;11;-0.265
1857;12;0.479
1858;1;0.481
1858;2;-0.592
1858;3;-0.151
1858;4;0.351
1858;5;-0.074
1858;6;0.116
1858;7;-0.178
1858;8;-0.227
1858;9;-0.431
1858;10;0.110
1858;11;0.300
1858;12;-0.717
1859;1;-0.150
1859;2;-0.086
1859;3;-0.004
1859;4;0.708
1859;5;0.596
1859;6;0.101
1859;7;-0.125
1859;8;-0.187
1859;9;-0.569
1859;10;0.180
1859;11;0.301
1859;12;0.135
1860;1;-0.614
1860;2;-0.539
1860;3;-1.705
1860;4;-0.163
1860;5;-0.081
1860;6;-0.069
1860;7;-0.010
1860;8;0.168
1860;9;0.008
1860;10;-0.323
1860;11;-0.991
1860;12;-1.848
1861;1;-1.913
1861;2;-0.798
1861;3;-0.678
1861;4;-0.587
1861;5;-0.627
1861;6;-0.260
1861;7;-0.125
1861;8;0.127
1861;9;-0.564
1861;10;-0.739
1861;11;-0.125
1861;12;-0.510
1862;1;-1.810
1862;2;-1.484
1862;3;-0.973
1862;4;-1.060
1862;5;-0.357
1862;6;-0.473
1862;7;-0.213
1862;8;-0.577
1862;9;-0.837
1862;10;-0.830
1862;11;-1.217
1862;12;-1.789
1863;1;0.395
1863;2;0.091
1863;3;-0.774
1863;4;-0.251
1863;5;-0.092
1863;6;-0.304
1863;7;-0.431
1863;8;-0.586
1863;9;-0.921
1863;10;-1.054
1863;11;-0.632
1863;12;-0.932
1864;1;-0.994
1864;2;-0.618
1864;3;-0.820
1864;4;-0.724
1864;5;-0.059
1864;6;0.095
1864;7;0.022
1864;8;-0.274
1864;9;-0.528
1864;10;-0.327
1864;11;-0.811
1864;12;-1.262
1865;1;0.488
1865;2;-0.921
1865;3;-1.165
1865;4;-0.750
1865;5;-0.165
1865;6;-0.082
1865;7;0.056
1865;8;0.059
1865;9;-0.012
1865;10;0.181
1865;11;0.354
1865;12;-0.671
1866;1;0.562
1866;2;-0.928
1866;3;-0.913
1866;4;-0.451
1866;5;-0.374
1866;6;-0.519
1866;7;0.469
1866;8;-0.215
1866;9;-0.212
1866;10;-0.389
1866;11;0.123
1866;12;0.678
1867;1;-0.007
1867;2;-0.587
1867;3;-0.774
1867;4;-0.053
1867;5;-0.578
1867;6;0.046
1867;7;0.119
1867;8;-0.077
1867;9;0.010
1867;10;0.259
1867;11;0.986
1867;12;0.216
1868;1;-0.662
1868;2;-1.222
1868;3;-0.679
1868;4;-0.050
1868;5;0.017
1868;6;-0.022
1868;7;0.372
1868;8;-0.035
1868;9;-0.486
1868;10;0.277
1868;11;-0.790
1868;12;-0.274
1869;1;-0.090
1869;2;0.769
1869;3;-0.792
1869;4;-0.273
1869;5;0.065
1869;6;0.104
1869;7;0.079
1869;8;0.057
1869;9;0.290
1869;10;-0.197
1869;11;-0.120
1869;12;-0.602
1870;1;-0.575
1870;2;-1.128
1870;3;-0.658
1870;4;-0.277
1870;5;0.048
1870;6;0.378
1870;7;0.231
1870;8;-0.368
1870;9;-0.052
1870;10;-0.371
1870;11;-0.492
1870;12;-1.322
1871;1;-1.141
1871;2;-1.391
1871;3;-0.477
1871;4;0.143
1871;5;-0.267
1871;6;-0.161
1871;7;0.075
1871;8;0.112
1871;9;-0.370
1871;10;-0.085
1871;11;-1.089
1871;12;-0.605
1872;1;-0.868
1872;2;-0.775
1872;3;-0.387
1872;4;-0.400
1872;5;0.004
1872;6;-0.268
1872;7;0.072
1872;8;0.077
1872;9;-0.141
1872;10;-0.073
1872;11;-0.803
1872;12;-1.108
1873;1;-0.691
1873;2;-0.183
1873;3;-0.531
1873;4;-0.692
1873;5;-0.173
1873;6;0.035
1873;7;-0.023
1873;8;-0.062
1873;9;-0.531
1873;10;-0.011
1873;11;-0.341
1873;12;0.149
1874;1;0.065
1874;2;-0.077
1874;3;-1.134
1874;4;-0.096
1874;5;0.315
1874;6;-0.130
1874;7;-0.158
1874;8;0.029
1874;9;0.163
1874;10;0.058
1874;11;-0.284
1874;12;-0.228
1875;1;-0.887
1875;2;-0.635
1875;3;-0.880
1875;4;-0.546
1875;5;-0.345
1875;6;-0.131
1875;7;-0.022
1875;8;-0.361
1875;9;-0.660
1875;10;-0.425
1875;11;-1.322
1875;12;-0.733
1876;1;-0.461
1876;2;-0.425
1876;3;-0.388
1876;4;0.144
1876;5;-0.391
1876;6;-0.015
1876;7;0.220
1876;8;-0.159
1876;9;-0.146
1876;10;-0.111
1876;11;-0.773
1876;12;-1.366
1877;1;-0.245
1877;2;-0.324
1877;3;0.040
1877;4;-0.209
1877;5;0.042
1877;6;0.081
1877;7;0.507
1877;8;0.459
1877;9;0.234
1877;10;0.208
1877;11;0.321
1877;12;-0.607
1878;1;-0.525
1878;2;0.633
1878;3;1.457
1878;4;0.755
1878;5;-0.114
1878;6;0.484
1878;7;0.697
1878;8;0.490
1878;9;0.241
1878;10;0.139
1878;11;0.461
1878;12;-0.080
1879;1;-0.154
1879;2;-0.462
1879;3;-0.293
1879;4;-0.447
1879;5;-0.358
1879;6;-0.119
1879;7;0.085
1879;8;-0.438
1879;9;-0.507
1879;10;0.206
1879;11;-0.439
1879;12;-1.047
1880;1;-0.823
1880;2;-1.244
1880;3;-0.825
1880;4;-0.908
1880;5;-0.282
1880;6;-0.347
1880;7;-0.192
1880;8;-0.166
1880;9;-0.671
1880;10;-0.410
1880;11;-0.146
1880;12;-0.411
1881;1;-0.093
1881;2;-0.558
1881;3;-0.221
1881;4;0.089
1881;5;-0.082
1881;6;-0.739
1881;7;-0.220
1881;8;-0.077
1881;9;-0.320
1881;10;-0.310
1881;11;-0.654
1881;12;-0.271
1882;1;0.565
1882;2;0.097
1882;3;-0.248
1882;4;-0.552
1882;5;-0.371
1882;6;-0.595
1882;7;-0.577
1882;8;-0.152
1882;9;-0.243
1882;10;-0.701
1882;11;-0.962
1882;12;-1.369
1883;1;-1.027
1883;2;-1.232
1883;3;-0.268
1883;4;-0.578
1883;5;-0.388
1883;6;-0.068
1883;7;-0.339
1883;8;-0.599
1883;9;-0.681
1883;10;-0.128
1883;11;-1.072
1883;12;-0.303
1884;1;-0.367
1884;2;-0.581
1884;3;-1.352
1884;4;-1.101
1884;5;-1.086
1884;6;-0.844
1884;7;-0.681
1884;8;-0.427
1884;9;-0.753
1884;10;-0.636
1884;11;-0.782
1884;12;-0.274
1885;1;-1.367
1885;2;-0.865
1885;3;-0.574
1885;4;-0.856
1885;5;-0.628
1885;6;-0.672
1885;7;-0.181
1885;8;-0.407
1885;9;-0.569
1885;10;-0.398
1885;11;-0.624
1885;12;0.151
1886;1;-1.104
1886;2;-1.434
1886;3;-1.040
1886;4;-0.337
1886;5;-0.524
1886;6;-0.539
1886;7;-0.001
1886;8;-0.489
1886;9;-0.411
1886;10;-0.600
1886;11;-0.767
1886;12;-0.023
1887;1;-1.525
1887;2;-1.013
1887;3;-0.720
1887;4;-0.455
1887;5;-0.452
1887;6;-0.514
1887;7;-0.200
1887;8;-0.741
1887;9;-0.286
1887;10;-0.493
1887;11;-0.407
1887;12;-0.678
1888;1;-0.639
1888;2;-1.072
1888;3;-0.924
1888;4;-0.448
1888;5;-0.493
1888;6;-0.430
1888;7;-0.006
1888;8;-0.254
1888;9;-0.302
1888;10;-0.005
1888;11;-0.225
1888;12;-0.209
1889;1;-0.698
1889;2;0.347
1889;3;0.099
1889;4;0.311
1889;5;-0.043
1889;6;-0.029
1889;7;-0.016
1889;8;-0.353
1889;9;-0.450
1889;10;-0.392
1889;11;-0.985
1889;12;-0.437
1890;1;-0.632
1890;2;-0.648
1890;3;-1.024
1890;4;-0.481
1890;5;-0.779
1890;6;-0.496
1890;7;-0.209
1890;8;-0.461
1890;9;-0.420
1890;10;0.029
1890;11;-1.020
1890;12;-0.595
1891;1;-0.913
1891;2;-1.281
1891;3;-0.483
1891;4;-0.589
1891;5;-0.431
1891;6;-0.485
1891;7;-0.292
1891;8;-0.322
1891;9;-0.279
1891;10;-0.462
1891;11;-0.876
1891;12;0.069
1892;1;-0.449
1892;2;-0.361
1892;3;-0.904
1892;4;-0.667
1892;5;-0.554
1892;6;-0.167
1892;7;-0.394
1892;8;-0.447
1892;9;-0.382
1892;10;-0.013
1892;11;-1.159
1892;12;-0.678
1893;1;-1.987
1893;2;-1.543
1893;3;-0.314
1893;4;-0.294
1893;5;-0.504
1893;6;-0.344
1893;7;0.036
1893;8;-0.363
1893;9;-0.251
1893;10;-0.059
1893;11;-0.226
1893;12;-0.469
1894;1;-0.869
1894;2;-0.322
1894;3;-0.151
1894;4;-0.588
1894;5;-0.302
1894;6;-0.554
1894;7;-0.200
1894;8;-0.222
1894;9;-0.386
1894;10;-0.040
1894;11;-0.540
1894;12;-0.341
1895;1;-1.221
1895;2;-1.142
1895;3;-0.598
1895;4;-0.030
1895;5;-0.324
1895;6;-0.335
1895;7;-0.135
1895;8;-0.274
1895;9;-0.232
1895;10;-0.061
1895;11;-0.214
1895;12;-0.138
1896;1;-0.207
1896;2;-0.405
1896;3;-1.005
1896;4;-0.970
1896;5;-0.425
1896;6;-0.129
1896;7;-0.006
1896;8;-0.089
1896;9;-0.147
1896;10;0.291
1896;11;-0.579
1896;12;-0.226
1897;1;-0.546
1897;2;-0.638
1897;3;-0.907
1897;4;0.019
1897;5;0.091
1897;6;-0.140
1897;7;0.013
1897;8;-0.114
1897;9;-0.050
1897;10;0.106
1897;11;-0.286
1897;12;-0.297
1898;1;0.328
1898;2;-0.773
1898;3;-1.530
1898;4;-0.425
1898;5;-0.494
1898;6;-0.028
1898;7;-0.189
1898;8;-0.250
1898;9;-0.273
1898;10;-0.394
1898;11;-0.566
1898;12;-0.122
1899;1;0.091
1899;2;-0.663
1899;3;-0.586
1899;4;0.079
1899;5;-0.170
1899;6;-0.455
1899;7;-0.058
1899;8;-0.017
1899;9;0.149
1899;10;0.234
1899;11;0.583
1899;12;-0.518
1900;1;-0.996
1900;2;-0.007
1900;3;0.213
1900;4;-0.065
1900;5;0.140
1900;6;-0.070
1900;7;-0.079
1900;8;-0.012
1900;9;-0.017
1900;10;0.537
1900;11;-0.209
1900;12;0.166
1901;1;-0.335
1901;2;-0.045
1901;3;0.336
1901;4;0.279
1901;5;-0.108
1901;6;-0.005
1901;7;0.061
1901;8;0.017
1901;9;-0.088
1901;10;-0.192
1901;11;-0.075
1901;12;-0.138
1902;1;0.128
1902;2;0.436
1902;3;-0.388
1902;4;-0.275
1902;5;-0.349
1902;6;-0.127
1902;7;-0.000
1902;8;-0.190
1902;9;-0.229
1902;10;-0.324
1902;11;-0.726
1902;12;-0.799
1903;1;-0.043
1903;2;0.357
1903;3;-0.273
1903;4;-0.382
1903;5;-0.443
1903;6;-0.508
1903;7;-0.273
1903;8;-0.336
1903;9;-0.516
1903;10;-0.335
1903;11;-0.407
1903;12;-0.611
1904;1;-0.768
1904;2;-0.787
1904;3;-0.692
1904;4;-0.574
1904;5;-0.441
1904;6;-0.429
1904;7;-0.461
1904;8;-0.376
1904;9;-0.666
1904;10;-0.427
1904;11;0.151
1904;12;-0.228
1905;1;-0.195
1905;2;-1.151
1905;3;-0.547
1905;4;-0.492
1905;5;-0.255
1905;6;-0.244
1905;7;-0.183
1905;8;-0.194
1905;9;-0.252
1905;10;-0.167
1905;11;0.145
1905;12;-0.119
1906;1;-0.433
1906;2;-0.790
1906;3;-0.343
1906;4;0.384
1906;5;-0.020
1906;6;-0.025
1906;7;-0.130
1906;8;-0.065
1906;9;-0.232
1906;10;0.124
1906;11;-0.461
1906;12;0.214
1907;1;-0.626
1907;2;-0.927
1907;3;-0.605
1907;4;-0.595
1907;5;-0.878
1907;6;-0.650
1907;7;-0.477
1907;8;-0.422
1907;9;-0.351
1907;10;0.068
1907;11;-0.722
1907;12;-0.488
1908;1;-0.208
1908;2;-0.234
1908;3;-1.080
1908;4;-0.434
1908;5;-0.140
1908;6;-0.145
1908;7;-0.107
1908;8;-0.430
1908;9;-0.103
1908;10;-0.292
1908;11;-0.750
1908;12;-0.436
1909;1;-1.096
1909;2;-0.426
1909;3;-0.657
1909;4;-0.675
1909;5;-0.628
1909;6;-0.451
1909;7;-0.241
1909;8;-0.055
1909;9;-0.138
1909;10;0.013
1909;11;0.245
1909;12;-0.235
1910;1;-0.048
1910;2;-0.296
1910;3;-0.585
1910;4;-0.162
1910;5;-0.301
1910;6;-0.305
1910;7;-0.029
1910;8;-0.090
1910;9;-0.297
1910;10;-0.175
1910;11;-0.652
1910;12;-0.802
1911;1;-0.847
1911;2;-0.650
1911;3;-0.836
1911;4;-0.247
1911;5;-0.429
1911;6;-0.365
1911;7;-0.200
1911;8;-0.285
1911;9;-0.397
1911;10;0.078
1911;11;-0.055
1911;12;-0.071
1912;1;-0.105
1912;2;0.168
1912;3;-0.882
1912;4;0.002
1912;5;0.003
1912;6;0.044
1912;7;-0.576
1912;8;-0.716
1912;9;-0.810
1912;10;-0.827
1912;11;-0.444
1912;12;-0.466
1913;1;-0.421
1913;2;-0.750
1913;3;-0.739
1913;4;-0.269
1913;5;-0.554
1913;6;-0.457
1913;7;-0.172
1913;8;-0.129
1913;9;-0.315
1913;10;-0.148
1913;11;0.018
1913;12;0.600
1914;1;0.848
1914;2;0.072
1914;3;-0.322
1914;4;-0.242
1914;5;-0.043
1914;6;0.007
1914;7;-0.064
1914;8;-0.180
1914;9;-0.199
1914;10;0.157
1914;11;-0.275
1914;12;0.049
1915;1;-0.231
1915;2;0.116
1915;3;-0.160
1915;4;0.385
1915;5;0.142
1915;6;-0.168
1915;7;0.026
1915;8;-0.104
1915;9;-0.280
1915;10;-0.247
1915;11;0.152
1915;12;0.025
1916;1;0.052
1916;2;-0.133
1916;3;-0.450
1916;4;-0.255
1916;5;-0.372
1916;6;-0.592
1916;7;-0.303
1916;8;-0.298
1916;9;-0.382
1916;10;-0.194
1916;11;-0.449
1916;12;-1.164
1917;1;-0.319
1917;2;-0.728
1917;3;-0.809
1917;4;-0.405
1917;5;-0.850
1917;6;-0.604
1917;7;-0.094
1917;8;-0.405
1917;9;-0.367
1917;10;-0.652
1917;11;-0.207
1917;12;-1.266
1918;1;-0.589
1918;2;-0.616
1918;3;-0.387
1918;4;-0.635
1918;5;-0.800
1918;6;-0.512
1918;7;-0.331
1918;8;-0.432
1918;9;-0.185
1918;10;0.254
1918;11;-0.293
1918;12;-0.693
1919;1;-0.287
1919;2;-0.281
1919;3;-0.486
1919;4;0.230
1919;5;-0.291
1919;6;-0.201
1919;7;-0.047
1919;8;-0.070
1919;9;-0.079
1919;10;0.162
1919;11;-0.519
1919;12;-0.301
1920;1;0.369
1920;2;-0.393
1920;3;0.044
1920;4;0.084
1920;5;-0.128
1920;6;-0.315
1920;7;-0.068
1920;8;-0.180
1920;9;-0.254
1920;10;-0.125
1920;11;-0.453
1920;12;-0.902
1921;1;0.471
1921;2;0.049
1921;3;-0.172
1921;4;0.044
1921;5;-0.077
1921;6;0.050
1921;7;0.133
1921;8;-0.299
1921;9;-0.161
1921;10;0.107
1921;11;-0.147
1921;12;0.151
1922;1;-0.343
1922;2;-0.756
1922;3;-0.084
1922;4;0.128
1922;5;-0.186
1922;6;-0.084
1922;7;-0.054
1922;8;-0.297
1922;9;-0.306
1922;10;-0.171
1922;11;0.048
1922;12;0.101
1923;1;0.047
1923;2;-0.526
1923;3;-0.347
1923;4;-0.479
1923;5;-0.420
1923;6;-0.177
1923;7;-0.338
1923;8;-0.238
1923;9;-0.151
1923;10;0.316
1923;11;0.349
1923;12;0.371
1924;1;-0.183
1924;2;-0.168
1924;3;0.146
1924;4;-0.265
1924;5;-0.105
1924;6;-0.128
1924;7;-0.025
1924;8;-0.209
1924;9;-0.125
1924;10;0.002
1924;11;0.386
1924;12;-0.046
1925;1;-0.150
1925;2;-0.365
1925;3;-0.117
1925;4;0.179
1925;5;-0.227
1925;6;-0.349
1925;7;-0.256
1925;8;-0.070
1925;9;-0.084
1925;10;-0.033
1925;11;0.314
1925;12;0.820
1926;1;0.943
1926;2;0.571
1926;3;0.573
1926;4;-0.082
1926;5;-0.349
1926;6;-0.207
1926;7;-0.197
1926;8;0.003
1926;9;-0.006
1926;10;0.312
1926;11;0.235
1926;12;-0.260
1927;1;-0.248
1927;2;-0.156
1927;3;-0.540
1927;4;-0.168
1927;5;-0.121
1927;6;-0.193
1927;7;-0.020
1927;8;-0.161
1927;9;0.162
1927;10;0.669
1927;11;0.259
1927;12;-0.394
1928;1;0.436
1928;2;0.221
1928;3;-0.269
1928;4;-0.016
1928;5;-0.140
1928;6;-0.353
1928;7;-0.037
1928;8;-0.146
1928;9;-0.055
1928;10;0.199
1928;11;0.268
1928;12;0.290
1929;1;-0.519
1929;2;-0.984
1929;3;-0.150
1929;4;-0.180
1929;5;-0.373
1929;6;-0.519
1929;7;-0.370
1929;8;-0.185
1929;9;-0.284
1929;10;0.183
1929;11;0.100
1929;12;-1.028
1930;1;-0.183
1930;2;0.000
1930;3;0.278
1930;4;-0.071
1930;5;-0.206
1930;6;-0.101
1930;7;0.127
1930;8;0.072
1930;9;-0.225
1930;10;0.014
1930;11;0.493
1930;12;0.224
1931;1;0.202
1931;2;-0.436
1931;3;0.019
1931;4;-0.066
1931;5;-0.280
1931;6;0.128
1931;7;0.262
1931;8;0.267
1931;9;0.214
1931;10;0.717
1931;11;0.212
1931;12;0.453
1932;1;1.087
1932;2;-0.175
1932;3;-0.322
1932;4;0.506
1932;5;-0.040
1932;6;-0.069
1932;7;0.047
1932;8;-0.102
1932;9;0.264
1932;10;0.451
1932;11;-0.181
1932;12;-0.055
1933;1;-0.336
1933;2;-0.465
1933;3;-0.366
1933;4;-0.129
1933;5;-0.193
1933;6;-0.305
1933;7;-0.056
1933;8;-0.075
1933;9;-0.213
1933;10;0.012
1933;11;-0.187
1933;12;-0.455
1934;1;-0.056
1934;2;0.553
1934;3;-0.449
1934;4;-0.245
1934;5;0.227
1934;6;-0.039
1934;7;0.037
1934;8;-0.075
1934;9;-0.311
1934;10;0.196
1934;11;0.321
1934;12;0.413
1935;1;-0.330
1935;2;0.986
1935;3;0.151
1935;4;-0.512
1935;5;-0.375
1935;6;-0.133
1935;7;-0.009
1935;8;-0.082
1935;9;-0.068
1935;10;0.261
1935;11;-0.586
1935;12;-0.114
1936;1;-0.285
1936;2;-0.623
1936;3;-0.198
1936;4;-0.135
1936;5;-0.023
1936;6;-0.082
1936;7;0.293
1936;8;-0.001
1936;9;-0.046
1936;10;0.245
1936;11;0.171
1936;12;0.373
1937;1;-0.095
1937;2;0.379
1937;3;-0.384
1937;4;-0.120
1937;5;0.138
1937;6;0.152
1937;7;0.051
1937;8;0.167
1937;9;0.341
1937;10;0.502
1937;11;0.299
1937;12;-0.130
1938;1;0.344
1938;2;0.233
1938;3;0.414
1938;4;0.647
1938;5;0.217
1938;6;-0.123
1938;7;0.122
1938;8;0.114
1938;9;0.367
1938;10;0.576
1938;11;0.488
1938;12;-0.039
1939;1;0.415
1939;2;0.129
1939;3;-0.337
1939;4;0.054
1939;5;0.251
1939;6;0.083
1939;7;0.062
1939;8;0.063
1939;9;-0.118
1939;10;0.001
1939;11;0.107
1939;12;1.344
1940;1;-0.253
1940;2;0.197
1940;3;0.067
1940;4;0.375
1940;5;-0.013
1940;6;0.093
1940;7;0.241
1940;8;-0.022
1940;9;0.184
1940;10;0.199
1940;11;-0.041
1940;12;0.483
1941;1;0.144
1941;2;0.429
1941;3;-0.119
1941;4;0.206
1941;5;0.156
1941;6;0.116
1941;7;0.311
1941;8;0.138
1941;9;-0.284
1941;10;0.412
1941;11;-0.193
1941;12;0.041
1942;1;0.507
1942;2;-0.344
1942;3;-0.043
1942;4;0.084
1942;5;-0.012
1942;6;0.051
1942;7;-0.152
1942;8;-0.121
1942;9;0.027
1942;10;0.344
1942;11;0.245
1942;12;0.263
1943;1;-0.207
1943;2;0.351
1943;3;-0.202
1943;4;0.322
1943;5;0.129
1943;6;-0.372
1943;7;0.047
1943;8;-0.143
1943;9;-0.046
1943;10;0.613
1943;11;0.105
1943;12;0.596
1944;1;0.950
1944;2;0.358
1944;3;0.193
1944;4;0.063
1944;5;-0.020
1944;6;-0.071
1944;7;0.046
1944;8;0.101
1944;9;0.300
1944;10;0.496
1944;11;-0.060
1944;12;-0.191
1945;1;-0.061
1945;2;-0.551
1945;3;-0.147
1945;4;0.317
1945;5;-0.272
1945;6;-0.222
1945;7;-0.219
1945;8;0.346
1945;9;0.047
1945;10;0.262
1945;11;-0.086
1945;12;-0.497
1946;1;0.413
1946;2;0.245
1946;3;-0.112
1946;4;0.462
1946;5;-0.019
1946;6;-0.264
1946;7;-0.024
1946;8;-0.107
1946;9;-0.082
1946;10;-0.022
1946;11;0.094
1946;12;-0.469
1947;1;0.036
1947;2;0.068
1947;3;0.441
1947;4;0.321
1947;5;-0.027
1947;6;-0.095
1947;7;-0.072
1947;8;-0.099
1947;9;0.020
1947;10;0.699
1947;11;0.273
1947;12;0.001
1948;1;0.751
1948;2;-0.018
1948;3;-0.431
1948;4;0.117
1948;5;0.153
1948;6;0.098
1948;7;0.008
1948;8;-0.070
1948;9;-0.016
1948;10;0.250
1948;11;0.053
1948;12;-0.150
1949;1;0.618
1949;2;-0.482
1949;3;-0.316
1949;4;-0.043
1949;5;-0.079
1949;6;-0.351
1949;7;-0.239
1949;8;-0.142
1949;9;-0.230
1949;10;0.197
1949;11;-0.019
1949;12;-0.188
1950;1;-0.581
1950;2;-0.518
1950;3;-0.129
1950;4;-0.277
1950;5;-0.117
1950;6;-0.186
1950;7;-0.290
1950;8;-0.498
1950;9;-0.207
1950;10;-0.172
1950;11;-0.755
1950;12;-0.106
1951;1;-0.460
1951;2;-0.889
1951;3;-0.297
1951;4;-0.028
1951;5;0.058
1951;6;-0.316
1951;7;-0.143
1951;8;0.071
1951;9;0.132
1951;10;0.340
1951;11;0.052
1951;12;0.641
1952;1;0.430
1952;2;0.159
1952;3;-0.379
1952;4;0.129
1952;5;-0.024
1952;6;-0.074
1952;7;0.133
1952;8;0.038
1952;9;0.206
1952;10;-0.205
1952;11;-0.709
1952;12;0.009
1953;1;0.351
1953;2;0.393
1953;3;0.350
1953;4;0.495
1953;5;0.251
1953;6;0.068
1953;7;-0.036
1953;8;0.117
1953;9;0.132
1953;10;0.120
1953;11;-0.226
1953;12;0.331
1954;1;-0.554
1954;2;-0.197
1954;3;-0.191
1954;4;-0.332
1954;5;-0.369
1954;6;-0.136
1954;7;-0.188
1954;8;-0.079
1954;9;-0.057
1954;10;0.247
1954;11;0.444
1954;12;-0.090
1955;1;0.778
1955;2;-0.092
1955;3;-0.796
1955;4;-0.264
1955;5;-0.204
1955;6;-0.014
1955;7;-0.169
1955;8;0.342
1955;9;-0.214
1955;10;0.393
1955;11;-0.193
1955;12;-0.361
1956;1;-0.150
1956;2;-0.460
1956;3;-0.475
1956;4;-0.458
1956;5;-0.686
1956;6;-0.344
1956;7;-0.239
1956;8;-0.737
1956;9;-0.388
1956;10;-0.395
1956;11;-0.449
1956;12;-0.139
1957;1;-0.178
1957;2;-0.170
1957;3;-0.385
1957;4;-0.136
1957;5;-0.178
1957;6;0.113
1957;7;-0.302
1957;8;0.034
1957;9;0.022
1957;10;0.083
1957;11;0.214
1957;12;0.631
1958;1;0.921
1958;2;0.428
1958;3;0.075
1958;4;0.131
1958;5;0.143
1958;6;-0.393
1958;7;-0.007
1958;8;-0.367
1958;9;-0.327
1958;10;0.044
1958;11;0.082
1958;12;0.115
1959;1;0.328
1959;2;0.089
1959;3;0.499
1959;4;0.465
1959;5;-0.025
1959;6;0.047
1959;7;0.039
1959;8;-0.053
1959;9;-0.213
1959;10;-0.157
1959;11;-0.404
1959;12;0.089
1960;1;0.098
1960;2;0.567
1960;3;-1.072
1960;4;-0.278
1960;5;-0.492
1960;6;-0.095
1960;7;-0.217
1960;8;-0.106
1960;9;-0.057
1960;10;0.156
1960;11;-0.333
1960;12;0.579
1961;1;0.325
1961;2;0.472
1961;3;0.203
1961;4;0.274
1961;5;0.259
1961;6;0.184
1961;7;-0.059
1961;8;-0.025
1961;9;0.106
1961;10;-0.038
1961;11;0.052
1961;12;-0.153
1962;1;0.401
1962;2;0.468
1962;3;0.244
1962;4;0.209
1962;5;-0.215
1962;6;-0.054
1962;7;-0.149
1962;8;-0.193
1962;9;-0.139
1962;10;0.157
1962;11;0.136
1962;12;0.273
1963;1;0.308
1963;2;0.834
1963;3;-0.190
1963;4;-0.158
1963;5;-0.294
1963;6;-0.109
1963;7;0.132
1963;8;0.422
1963;9;0.430
1963;10;0.618
1963;11;0.393
1963;12;0.109
1964;1;0.216
1964;2;-0.160
1964;3;-0.477
1964;4;-0.455
1964;5;-0.430
1964;6;-0.051
1964;7;-0.068
1964;8;-0.252
1964;9;-0.562
1964;10;-0.503
1964;11;-0.179
1964;12;-0.228
1965;1;0.248
1965;2;-0.180
1965;3;-0.128
1965;4;-0.354
1965;5;-0.144
1965;6;-0.179
1965;7;-0.323
1965;8;-0.098
1965;9;-0.456
1965;10;0.204
1965;11;-0.281
1965;12;0.122
1966;1;-0.113
1966;2;0.081
1966;3;0.236
1966;4;-0.155
1966;5;-0.130
1966;6;0.014
1966;7;0.213
1966;8;-0.167
1966;9;0.021
1966;10;-0.201
1966;11;-0.154
1966;12;-0.269
1967;1;0.126
1967;2;-0.267
1967;3;0.136
1967;4;0.090
1967;5;0.310
1967;6;-0.321
1967;7;-0.019
1967;8;-0.183
1967;9;-0.049
1967;10;0.513
1967;11;0.051
1967;12;0.272
1968;1;-0.255
1968;2;0.022
1968;3;0.828
1968;4;0.106
1968;5;-0.326
1968;6;-0.270
1968;7;-0.434
1968;8;-0.413
1968;9;-0.542
1968;10;0.143
1968;11;-0.235
1968;12;-0.404
1969;1;-0.642
1969;2;-0.768
1969;3;-0.204
1969;4;0.206
1969;5;0.035
1969;6;-0.045
1969;7;-0.167
1969;8;-0.088
1969;9;-0.130
1969;10;0.164
1969;11;0.283
1969;12;0.555
1970;1;0.232
1970;2;0.554
1970;3;-0.008
1970;4;0.264
1970;5;-0.127
1970;6;0.002
1970;7;0.039
1970;8;-0.237
1970;9;0.148
1970;10;0.100
1970;11;-0.070
1970;12;-0.134
1971;1;0.378
1971;2;-0.320
1971;3;-0.278
1971;4;0.004
1971;5;-0.117
1971;6;-0.386
1971;7;-0.215
1971;8;-0.015
1971;9;-0.009
1971;10;0.089
1971;11;0.164
1971;12;0.222
1972;1;-0.722
1972;2;-0.618
1972;3;-0.076
1972;4;0.024
1972;5;-0.152
1972;6;-0.009
1972;7;-0.143
1972;8;0.280
1972;9;-0.224
1972;10;0.031
1972;11;-0.343
1972;12;0.130
1973;1;0.450
1973;2;0.683
1973;3;0.556
1973;4;0.665
1973;5;0.484
1973;6;0.356
1973;7;0.096
1973;8;0.002
1973;9;0.021
1973;10;0.328
1973;11;0.135
1973;12;0.229
1974;1;-0.270
1974;2;-0.617
1974;3;-0.098
1974;4;0.027
1974;5;-0.154
1974;6;-0.109
1974;7;-0.071
1974;8;0.113
1974;9;-0.364
1974;10;-0.161
1974;11;-0.236
1974;12;-0.105
1975;1;0.461
1975;2;0.232
1975;3;0.432
1975;4;0.286
1975;5;0.437
1975;6;0.063
1975;7;0.002
1975;8;-0.399
1975;9;-0.002
1975;10;0.048
1975;11;-0.210
1975;12;0.048
1976;1;0.315
1976;2;-0.119
1976;3;-0.755
1976;4;-0.019
1976;5;-0.384
1976;6;-0.399
1976;7;-0.175
1976;8;-0.391
1976;9;-0.229
1976;10;-0.770
1976;11;-0.453
1976;12;0.036
1977;1;-0.087
1977;2;0.306
1977;3;0.435
1977;4;0.531
1977;5;0.504
1977;6;0.411
1977;7;0.278
1977;8;0.206
1977;9;-0.251
1977;10;-0.116
1977;11;0.421
1977;12;0.147
1978;1;0.167
1978;2;0.294
1978;3;0.331
1978;4;0.510
1978;5;0.080
1978;6;-0.261
1978;7;0.023
1978;8;-0.601
1978;9;-0.097
1978;10;0.047
1978;11;0.244
1978;12;0.138
1979;1;0.120
1979;2;-0.316
1979;3;0.160
1979;4;0.157
1979;5;-0.143
1979;6;-0.043
1979;7;-0.280
1979;8;-0.064
1979;9;0.112
1979;10;0.277
1979;11;0.175
1979;12;0.975
1980;1;0.404
1980;2;0.511
1980;3;0.072
1980;4;0.617
1980;5;0.489
1980;6;0.120
1980;7;0.389
1980;8;0.292
1980;9;0.188
1980;10;0.261
1980;11;0.576
1980;12;0.401
1981;1;1.254
1981;2;0.881
1981;3;0.926
1981;4;0.615
1981;5;0.233
1981;6;0.303
1981;7;0.365
1981;8;0.644
1981;9;0.086
1981;10;0.091
1981;11;0.141
1981;12;0.915
1982;1;0.012
1982;2;0.163
1982;3;-0.369
1982;4;0.191
1982;5;0.060
1982;6;-0.191
1982;7;0.200
1982;8;-0.103
1982;9;-0.072
1982;10;-0.040
1982;11;-0.119
1982;12;0.718
1983;1;0.880
1983;2;0.671
1983;3;0.419
1983;4;0.421
1983;5;0.443
1983;6;0.029
1983;7;0.042
1983;8;0.399
1983;9;0.582
1983;10;0.207
1983;11;0.638
1983;12;0.230
1984;1;0.382
1984;2;-0.059
1984;3;0.404
1984;4;0.124
1984;5;0.701
1984;6;-0.101
1984;7;0.069
1984;8;0.030
1984;9;-0.086
1984;10;0.098
1984;11;-0.291
1984;12;-0.449
1985;1;0.468
1985;2;-0.465
1985;3;0.171
1985;4;0.334
1985;5;0.145
1985;6;0.142
1985;7;-0.372
1985;8;0.169
1985;9;-0.171
1985;10;0.085
1985;11;-0.123
1985;12;0.191
1986;1;0.771
1986;2;0.842
1986;3;0.516
1986;4;0.561
1986;5;0.293
1986;6;-0.057
1986;7;-0.068
1986;8;0.082
1986;9;-0.245
1986;10;0.085
1986;11;-0.175
1986;12;0.158
1987;1;0.587
1987;2;1.008
1987;3;0.017
1987;4;0.300
1987;5;0.219
1987;6;0.473
1987;7;0.533
1987;8;0.018
1987;9;0.365
1987;10;0.364
1987;11;-0.044
1987;12;0.890
1988;1;0.936
1988;2;0.284
1988;3;0.668
1988;4;0.711
1988;5;0.534
1988;6;0.605
1988;7;0.399
1988;8;0.630
1988;9;0.602
1988;10;0.703
1988;11;0.188
1988;12;0.756
1989;1;0.168
1989;2;0.483
1989;3;0.522
1989;4;0.403
1989;5;-0.041
1989;6;-0.019
1989;7;0.258
1989;8;0.253
1989;9;0.299
1989;10;0.483
1989;11;0.079
1989;12;0.843
1990;1;0.706
1990;2;0.551
1990;3;1.463
1990;4;0.877
1990;5;0.542
1990;6;0.413
1990;7;0.433
1990;8;0.212
1990;9;0.087
1990;10;0.580
1990;11;0.819
1990;12;0.801
1991;1;0.707
1991;2;0.945
1991;3;0.326
1991;4;0.976
1991;5;0.326
1991;6;0.827
1991;7;0.656
1991;8;0.429
1991;9;0.565
1991;10;0.496
1991;11;0.325
1991;12;0.469
1992;1;1.037
1992;2;0.732
1992;3;0.660
1992;4;0.282
1992;5;0.244
1992;6;0.122
1992;7;-0.192
1992;8;-0.101
1992;9;-0.436
1992;10;0.110
1992;11;-0.226
1992;12;0.485
1993;1;0.739
1993;2;0.680
1993;3;0.671
1993;4;0.410
1993;5;0.193
1993;6;0.101
1993;7;0.237
1993;8;-0.039
1993;9;-0.130
1993;10;0.396
1993;11;-0.328
1993;12;0.459
1994;1;0.507
1994;2;-0.314
1994;3;0.496
1994;4;0.745
1994;5;0.407
1994;6;0.704
1994;7;0.346
1994;8;0.107
1994;9;0.438
1994;10;0.770
1994;11;0.731
1994;12;0.537
1995;1;1.052
1995;2;1.554
1995;3;0.712
1995;4;0.739
1995;5;0.305
1995;6;0.724
1995;7;0.787
1995;8;0.778
1995;9;0.501
1995;10;0.855
1995;11;0.688
1995;12;0.546
1996;1;0.391
1996;2;0.877
1996;3;0.322
1996;4;0.417
1996;5;0.305
1996;6;0.220
1996;7;0.512
1996;8;0.736
1996;9;0.261
1996;10;0.289
1996;11;0.478
1996;12;0.747
1997;1;0.634
1997;2;0.655
1997;3;0.713
1997;4;0.602
1997;5;0.298
1997;6;0.697
1997;7;0.183
1997;8;0.364
1997;9;0.584
1997;10;0.872
1997;11;0.789
1997;12;0.851
1998;1;0.875
1998;2;1.721
1998;3;0.763
1998;4;1.079
1998;5;1.008
1998;6;1.107
1998;7;1.021
1998;8;1.020
1998;9;0.584
1998;10;0.727
1998;11;0.347
1998;12;1.118
1999;1;1.081
1999;2;1.566
1999;3;0.291
1999;4;0.525
1999;5;0.413
1999;6;0.603
1999;7;0.523
1999;8;0.498
1999;9;0.652
1999;10;0.754
1999;11;0.545
1999;12;0.988
2000;1;0.446
2000;2;1.079
2000;3;0.979
2000;4;1.303
2000;5;0.605
2000;6;0.626
2000;7;0.536
2000;8;0.700
2000;9;0.510
2000;10;0.238
2000;11;0.241
2000;12;0.308
2001;1;0.862
2001;2;0.639
2001;3;1.017
2001;4;0.987
2001;5;1.011
2001;6;0.663
2001;7;0.835
2001;8;0.565
2001;9;0.655
2001;10;0.652
2001;11;1.262
2001;12;0.946
2002;1;1.528
2002;2;1.598
2002;3;1.585
2002;4;0.987
2002;5;0.992
2002;6;0.657
2002;7;1.037
2002;8;0.716
2002;9;0.907
2002;10;0.744
2002;11;0.864
2002;12;0.493
2003;1;1.484
2003;2;1.001
2003;3;0.847
2003;4;0.922
2003;5;0.872
2003;6;0.578
2003;7;0.669
2003;8;0.825
2003;9;0.836
2003;10;1.181
2003;11;0.646
2003;12;1.565
2004;1;1.058
2004;2;1.398
2004;3;1.138
2004;4;1.019
2004;5;0.260
2004;6;0.480
2004;7;-0.004
2004;8;0.349
2004;9;0.565
2004;10;0.970
2004;11;1.298
2004;12;0.717
2005;1;1.323
2005;2;0.862
2005;3;1.382
2005;4;1.370
2005;5;0.991
2005;6;1.065
2005;7;0.889
2005;8;0.693
2005;9;1.180
2005;10;1.467
2005;11;1.460
2005;12;1.373
2006;1;0.811
2006;2;1.350
2006;3;1.155
2006;4;0.835
2006;5;0.518
2006;6;1.052
2006;7;0.706
2006;8;1.085
2006;9;0.876
2006;10;1.116
2006;11;0.940
2006;12;1.510
2007;1;2.135
2007;2;1.166
2007;3;1.220
2007;4;1.578
2007;5;1.263
2007;6;0.916
2007;7;0.939
2007;8;0.943
2007;9;0.925
2007;10;1.138
2007;11;1.091
2007;12;1.023
2008;1;0.427
2008;2;0.536
2008;3;1.693
2008;4;1.067
2008;5;0.759
2008;6;0.728
2008;7;0.864
2008;8;0.545
2008;9;0.775
2008;10;1.255
2008;11;1.237
2008;12;0.879
2009;1;1.225
2009;2;1.033
2009;3;0.920
2009;4;1.120
2009;5;0.918
2009;6;0.862
2009;7;1.019
2009;8;0.906
2009;9;1.173
2009;10;0.966
2009;11;1.053
2009;12;0.801
2010;1;1.255
2010;2;1.303
2010;3;1.535
2010;4;1.471
2010;5;1.186
2010;6;0.998
2010;7;0.904
2010;8;0.982
2010;9;0.919
2010;10;1.298
2010;11;1.497
2010;12;0.770
2011;1;0.856
2011;2;0.638
2011;3;0.915
2011;4;1.272
2011;5;0.743
2011;6;0.987
2011;7;1.241
2011;8;1.285
2011;9;0.918
2011;10;1.225
2011;11;0.821
2011;12;1.148
2012;1;0.703
2012;2;0.537
2012;3;0.834
2012;4;1.422
2012;5;1.328
2012;6;1.044
2012;7;0.805
2012;8;0.910
2012;9;0.993
2012;10;1.234
2012;11;1.133
2012;12;0.551
2013;1;1.249
2013;2;1.132
2013;3;1.061
2013;4;0.830
2013;5;0.945
2013;6;1.147
2013;7;0.714
2013;8;1.003
2013;9;1.168
2013;10;1.090
2013;11;1.423
2013;12;1.189
2014;1;1.298
2014;2;0.443
2014;3;1.193
2014;4;1.351
2014;5;1.282
2014;6;0.888
2014;7;0.597
2014;8;1.062
2014;9;1.085
2014;10;1.212
2014;11;0.751
2014;12;1.351
2015;1;1.425
2015;2;1.589
2015;3;1.560
2015;4;1.133
2015;5;1.105
2015;6;1.111
2015;7;0.788
2015;8;0.977
2015;9;0.997
2015;10;1.608
2015;11;1.416
2015;12;1.928
2016;1;1.723
2016;2;2.282
2016;3;2.290
2016;4;1.906
2016;5;1.368
2016;6;0.972
2016;7;1.002
2016;8;1.513
2016;9;1.196
2016;10;1.076
2016;11;1.175
2016;12;1.400
2017;1;1.665
2017;2;1.847
2017;3;1.950
2017;4;1.405
2017;5;1.370
2017;6;0.868
2017;7;1.038
2017;8;1.081
2017;9;1.029
2017;10;1.378
2017;11;1.125
2017;12;1.593
2018;1;1.274
2018;2;1.209
2018;3;1.497
2018;4;1.436
2018;5;1.176
2018;6;1.096
2018;7;1.174
2018;8;1.036
2018;9;0.921
2018;10;1.470
2018;11;0.863
2018;12;1.329
2019;1;1.538
2019;2;1.338
2019;3;1.915
2019;4;1.638
2019;5;1.080
2019;6;1.090
2019;7;1.169
2019;8;1.107
2019;9;1.237
2019;10;1.546
2019;11;1.252
2019;12;1.814
2020;1;2.121
2020;2;2.189
2020;3;1.866
2020;4;1.777
2020;5;1.380
2020;6;1.273
2020;7;1.213
2020;8;1.141
2020;9;1.470
2020;10;1.277
2020;11;1.736
2020;12;1.220
2021;1;1.331
2021;2;0.843
2021;3;1.498
2021;4;1.217
2021;5;1.151
2021;6;1.209
2021;7;1.360
2021;8;1.227
2021;9;1.306
2021;10;1.626
2021;11;1.366
2021;12;1.406
